{"initial_reset_timestamp": 1555743415.5420375, "timestamps": [1555743478.6831381, 1555743546.606237, 1555743636.732043, 1555743699.2085416, 1555743796.2264318, 1555743849.6597006, 1555743904.3876073, 1555743953.5751104, 1555743999.2910702, 1555744047.2191079, 1555744132.5527391, 1555744196.9316244, 1555744245.6996531, 1555744320.025087, 1555744409.2067158, 1555744468.4315417, 1555744535.3406005, 1555744594.9234853, 1555744679.3481762, 1555744776.3779166, 1555744887.0820909, 1555744955.2422442, 1555745002.7904525, 1555745047.4170294, 1555745126.6477835, 1555745181.532255, 1555745237.5061321, 1555745282.3112943, 1555745351.797113, 1555745408.6116357, 1555745452.8879366, 1555745500.1698887, 1555745581.861056, 1555745640.2913613, 1555745690.272612, 1555745771.4079766, 1555745874.6813653, 1555745929.9706938, 1555745996.0119946, 1555746084.759982, 1555746143.3997273, 1555746239.828101, 1555746298.716665, 1555746351.4230163, 1555746396.4432504, 1555746466.1041064, 1555746515.889416, 1555746588.6237655, 1555746660.0045621, 1555746728.5951006], "episode_lengths": [188, 243, 271, 237, 395, 191, 207, 179, 179, 191, 345, 250, 177, 227, 333, 232, 271, 233, 346, 395, 445, 268, 177, 171, 311, 213, 217, 174, 279, 218, 172, 176, 319, 227, 194, 330, 415, 215, 260, 301, 231, 384, 230, 168, 165, 272, 196, 291, 281, 269], "episode_rewards": [0.0, 1.0, 2.0, 1.0, 4.0, 0.0, 1.0, 0.0, 0.0, 0.0, 3.0, 1.0, 0.0, 1.0, 3.0, 1.0, 2.0, 1.0, 3.0, 4.0, 4.0, 2.0, 0.0, 0.0, 3.0, 1.0, 1.0, 0.0, 2.0, 1.0, 0.0, 0.0, 3.0, 1.0, 0.0, 3.0, 5.0, 1.0, 2.0, 2.0, 1.0, 4.0, 1.0, 0.0, 0.0, 2.0, 0.0, 2.0, 2.0, 2.0], "episode_types": ["t", "t", "t", "t", "t", "t", "t", "t", "t", "t", "t", "t", "t", "t", "t", "t", "t", "t", "t", "t", "t", "t", "t", "t", "t", "t", "t", "t", "t", "t", "t", "t", "t", "t", "t", "t", "t", "t", "t", "t", "t", "t", "t", "t", "t", "t", "t", "t", "t", "t", "t"]}